{"levels": [{"level": 1, "unlocked": true, "completed": false}, {"level": 2, "unlocked": false, "completed": false}, {"level": 3, "unlocked": false, "completed": false}, {"level": 4, "unlocked": false, "completed": false}, {"level": 5, "unlocked": false, "completed": false}, {"level": 6, "unlocked": false, "completed": false}, {"level": 7, "unlocked": false, "completed": false}, {"level": 8, "unlocked": false, "completed": false}, {"level": 9, "unlocked": false, "completed": false}, {"level": 10, "unlocked": false, "completed": false}]}